{ "height":20,
    "layers":[
           {
            "data":[20, 20, 20, 20, 20, 20, 20, 20, 20, 20, 20, 20, 20, 20, 20, 20, 20, 20, 20, 20, 20, 1, 20, 1, 1, 1, 1, 1, 1, 1, 1, 1, 1, 1, 1, 1, 1, 1, 1, 20, 20, 1, 20, 1, 20, 20, 20, 20, 20, 20, 1, 62, 62, 62, 62, 1, 1, 20, 1, 20, 20, 1, 20, 1, 20, 1, 1, 1, 1, 1, 1, 58, 58, 58, 62, 1, 1, 20, 1, 20, 20, 1, 20, 1, 90, 1, 20, 20, 20, 20, 20, 20, 20, 58, 90, 1, 1, 20, 1, 20, 20, 1, 1, 1, 1, 1, 1, 1, 1, 1, 1, 1, 1, 1, 1, 1, 1, 20, 1, 20, 20, 1, 1, 20, 20, 1, 20, 20, 20, 20, 20, 20, 20, 1, 1, 20, 1, 20, 1, 20, 20, 1, 20, 20, 20, 1, 20, 1, 20, 1, 1, 20, 1, 1, 1, 20, 1, 20, 1, 20, 20, 1, 1, 1, 1, 1, 1, 1, 1, 1, 1, 1, 1, 1, 1, 20, 1, 20, 1, 20, 20, 1, 1, 20, 20, 20, 20, 20, 1, 1, 1, 20, 20, 20, 1, 20, 20, 20, 1, 20, 20, 1, 1, 20, 20, 20, 20, 20, 1, 20, 1, 1, 1, 20, 1, 20, 1, 20, 1, 20, 20, 1, 72, 72, 72, 72, 72, 1, 1, 20, 1, 20, 1, 20, 1, 20, 1, 20, 1, 20, 20, 1, 72, 62, 72, 62, 72, 1, 1, 20, 1, 1, 1, 20, 1, 20, 1, 20, 1, 20, 20, 1, 20, 20, 72, 20, 1, 1, 1, 20, 1, 1, 1, 1, 1, 1, 1, 1, 1, 20, 20, 1, 1, 20, 20, 20, 1, 1, 1, 1, 1, 1, 1, 1, 1, 1, 1, 1, 1, 20, 20, 1, 1, 1, 1, 1, 1, 1, 20, 20, 20, 20, 20, 20, 20, 1, 20, 1, 1, 20, 20, 1, 1, 20, 1, 1, 20, 1, 48, 47, 1, 1, 1, 1, 1, 1, 20, 1, 1, 20, 20, 1, 20, 20, 20, 20, 20, 1, 34, 34, 34, 30, 34, 34, 34, 34, 34, 1, 1, 20, 20, 1, 1, 1, 1, 1, 1, 1, 30, 30, 30, 30, 30, 30, 30, 30, 30, 30, 30, 20, 20, 20, 20, 20, 20, 20, 20, 20, 20, 20, 20, 20, 20, 20, 20, 20, 20, 20, 20, 20],
            "height":20,
            "name":"ground",
            "opacity":1,
            "type":"tilelayer",
            "visible":true,
            "width":20,
            "x":0,
            "y":0
           }],
    "nextobjectid":1,
    "orientation":"orthogonal",
    "renderorder":"right-down",
    "tiledversion":"1.0.3",
    "tileheight":32,
    "tilesets":[
           {
            "columns":14,
            "firstgid":1,
            "image":"gridtiles.png",
            "imageheight":320,
            "imagewidth":448,
            "margin":0,
            "name":"tiles",
            "spacing":0,
            "tilecount":140,
            "tileheight":32,
            "tileproperties":
               {
                "103":
                   {
                    "collide":true
                   },
                "19":
                   {
                    "collide":true
                   },
                "29":
                   {
                    "cost":2
                   },
                "33":
                   {
                    "collide":true
                   },
                "47":
                   {
                    "collide":true
                   },
                "57":
                   {
                    "cost":4
                   },
                "61":
                   {
                    "collide":true
                   },
                "71":
                   {
                    "cost":3
                   },
                "89":
                   {
                    "collide":true
                   }
               },
            "tilepropertytypes":
               {
                "103":
                   {
                    "collide":"bool"
                   },
                "19":
                   {
                    "collide":"bool"
                   },
                "29":
                   {
                    "cost":"int"
                   },
                "33":
                   {
                    "collide":"bool"
                   },
                "47":
                   {
                    "collide":"bool"
                   },
                "57":
                   {
                    "cost":"int"
                   },
                "61":
                   {
                    "collide":"bool"
                   },
                "71":
                   {
                    "cost":"int"
                   },
                "89":
                   {
                    "collide":"bool"
                   }
               },
            "tilewidth":32
           }],
    "tilewidth":32,
    "type":"map",
    "version":1,
    "width":20
   }